{"lodTreeExport":{"name":"Tile_-24958_87759_0000","status":{"lodCount":4,"tilesCount":13},"tileInfo":{"boundingBox":{"max":{"x":-268.5541795877505,"y":262.5188470427866,"z":60.51307864742888},"min":{"x":-444.1656024129858,"y":86.91705988778512,"z":-59.78181027798012}},"children":[{"tileInfo":{"boundingBox":{"max":{"x":-349.3732435485207,"y":260.7821542802313,"z":0.1739188296090353},"min":{"x":-442.3623046979784,"y":167.7020285316457,"z":-59.78181027798012}},"children":[{"tileInfo":{"boundingBox":{"max":{"x":-349.3732435485207,"y":260.7821542802313,"z":0.1739188296090353},"min":{"x":-442.3623046979784,"y":167.7020285316457,"z":-59.78181027798012}},"children":[{"tileInfo":{"boundingBox":{"max":{"x":-349.3732435485207,"y":260.7821542802313,"z":0.1739188296090353},"min":{"x":-442.3623046979784,"y":167.7020285316457,"z":-59.78181027798012}},"lodNum":3,"modelPath":"Tile_-24958_87759_0000_0000_0000.s3mb","rangeMode":"pixelSizeOnScreen","rangeValue":8.0}}],"lodNum":2,"modelPath":"Tile_-24958_87759_0000_0001_0000.s3mb","rangeMode":"pixelSizeOnScreen","rangeValue":4.0}}],"lodNum":1,"modelPath":"Tile_-24958_87759_0000_0002_0000.s3mb","rangeMode":"pixelSizeOnScreen","rangeValue":2.0}},{"tileInfo":{"boundingBox":{"max":{"x":-286.6836950875707,"y":244.3892279661431,"z":60.51307864742888},"min":{"x":-444.1656024129858,"y":86.91705988778512,"z":-8.517744619254941}},"children":[{"tileInfo":{"boundingBox":{"max":{"x":-286.6836950875707,"y":244.3892279661431,"z":60.51307864742888},"min":{"x":-444.1656024129858,"y":86.91705988778512,"z":-8.517744619254941}},"children":[{"tileInfo":{"boundingBox":{"max":{"x":-286.6836950875707,"y":244.3892279661431,"z":60.51307864742888},"min":{"x":-444.1656024129858,"y":86.91705988778512,"z":-8.517744619254941}},"lodNum":3,"modelPath":"Tile_-24958_87759_0000_0000_0001.s3mb","rangeMode":"pixelSizeOnScreen","rangeValue":8.0}}],"lodNum":2,"modelPath":"Tile_-24958_87759_0000_0001_0001.s3mb","rangeMode":"pixelSizeOnScreen","rangeValue":4.0}}],"lodNum":1,"modelPath":"Tile_-24958_87759_0000_0002_0001.s3mb","rangeMode":"pixelSizeOnScreen","rangeValue":2.0}},{"tileInfo":{"boundingBox":{"max":{"x":-268.5541795877505,"y":262.5188470427866,"z":60.29497716154710},"min":{"x":-426.0355978108774,"y":105.0457850670464,"z":-10.43924564951284}},"children":[{"tileInfo":{"boundingBox":{"max":{"x":-268.5541795877505,"y":262.5188470427866,"z":60.29497716154710},"min":{"x":-426.0355978108774,"y":105.0457850670464,"z":-10.43924564951284}},"children":[{"tileInfo":{"boundingBox":{"max":{"x":-268.5541795877505,"y":262.5188470427866,"z":60.29497716154710},"min":{"x":-426.0355978108774,"y":105.0457850670464,"z":-10.43924564951284}},"lodNum":3,"modelPath":"Tile_-24958_87759_0000_0000_0002.s3mb","rangeMode":"pixelSizeOnScreen","rangeValue":8.0}}],"lodNum":2,"modelPath":"Tile_-24958_87759_0000_0001_0002.s3mb","rangeMode":"pixelSizeOnScreen","rangeValue":4.0}}],"lodNum":1,"modelPath":"Tile_-24958_87759_0000_0002_0002.s3mb","rangeMode":"pixelSizeOnScreen","rangeValue":2.0}},{"tileInfo":{"boundingBox":{"max":{"x":-278.7015762717235,"y":190.0253841312146,"z":42.51248921079427},"min":{"x":-371.6475269655726,"y":97.23448484408868,"z":-56.27975435282466}},"children":[{"tileInfo":{"boundingBox":{"max":{"x":-278.7015762717235,"y":190.0253841312146,"z":42.51248921079427},"min":{"x":-371.6475269655726,"y":97.23448484408868,"z":-56.27975435282466}},"children":[{"tileInfo":{"boundingBox":{"max":{"x":-278.7015762717235,"y":190.0253841312146,"z":42.51248921079427},"min":{"x":-371.6475269655726,"y":97.23448484408868,"z":-56.27975435282466}},"lodNum":3,"modelPath":"Tile_-24958_87759_0000_0000_0003.s3mb","rangeMode":"pixelSizeOnScreen","rangeValue":8.0}}],"lodNum":2,"modelPath":"Tile_-24958_87759_0000_0001_0003.s3mb","rangeMode":"pixelSizeOnScreen","rangeValue":4.0}}],"lodNum":1,"modelPath":"Tile_-24958_87759_0000_0002_0003.s3mb","rangeMode":"pixelSizeOnScreen","rangeValue":2.0}}],"lodNum":0,"modelPath":"Tile_-24958_87759_0000.s3mb","rangeMode":"pixelSizeOnScreen","rangeValue":1.0}}}
