{"lodTreeExport":{"name":"Tile_-24958_87760_0000","status":{"lodCount":4,"tilesCount":4},"tileInfo":{"boundingBox":{"max":{"x":-273.7552431389347,"y":137.0046733376531,"z":56.39027741591431},"min":{"x":-315.5529886975543,"y":106.8938794497689,"z":-8.683957235468153}},"children":[{"tileInfo":{"boundingBox":{"max":{"x":-273.7552431389347,"y":137.0046733376531,"z":56.39027741591431},"min":{"x":-315.5529886975543,"y":106.8938794497689,"z":-8.683957235468153}},"children":[{"tileInfo":{"boundingBox":{"max":{"x":-273.7552431389347,"y":137.0046733376531,"z":56.39027741591431},"min":{"x":-315.5529886975543,"y":106.8938794497689,"z":-8.683957235468153}},"children":[{"tileInfo":{"boundingBox":{"max":{"x":-273.7552431389347,"y":137.0046733376531,"z":56.39027741591431},"min":{"x":-315.5529886975543,"y":106.8938794497689,"z":-8.683957235468153}},"lodNum":3,"modelPath":"Tile_-24958_87760_0000_0000_0000.s3mb","rangeMode":"pixelSizeOnScreen","rangeValue":8.0}}],"lodNum":2,"modelPath":"Tile_-24958_87760_0000_0001_0000.s3mb","rangeMode":"pixelSizeOnScreen","rangeValue":4.0}}],"lodNum":1,"modelPath":"Tile_-24958_87760_0000_0002_0000.s3mb","rangeMode":"pixelSizeOnScreen","rangeValue":2.0}}],"lodNum":0,"modelPath":"Tile_-24958_87760_0000.s3mb","rangeMode":"pixelSizeOnScreen","rangeValue":1.0}}}
