{"lodTreeExport":{"name":"Tile_-24956_87762_0000","status":{"lodCount":4,"tilesCount":4},"tileInfo":{"boundingBox":{"max":{"x":-9.010143957641487,"y":-92.83695784971141,"z":56.44785204773832},"min":{"x":-84.03468758591565,"y":-167.2506400644851,"z":-62.68528554842507}},"children":[{"tileInfo":{"boundingBox":{"max":{"x":-9.010143957641487,"y":-92.83695784971141,"z":56.44785204773832},"min":{"x":-84.03468758591565,"y":-167.2506400644851,"z":-62.68528554842507}},"children":[{"tileInfo":{"boundingBox":{"max":{"x":-9.010143957641487,"y":-92.83695784971141,"z":56.44785204773832},"min":{"x":-84.03468758591565,"y":-167.2506400644851,"z":-62.68528554842507}},"children":[{"tileInfo":{"boundingBox":{"max":{"x":-9.010143957641487,"y":-92.83695784971141,"z":56.44785204773832},"min":{"x":-84.03468758591565,"y":-167.2506400644851,"z":-62.68528554842507}},"lodNum":3,"modelPath":"Tile_-24956_87762_0000_0000_0000.s3mb","rangeMode":"pixelSizeOnScreen","rangeValue":8.0}}],"lodNum":2,"modelPath":"Tile_-24956_87762_0000_0001_0000.s3mb","rangeMode":"pixelSizeOnScreen","rangeValue":4.0}}],"lodNum":1,"modelPath":"Tile_-24956_87762_0000_0002_0000.s3mb","rangeMode":"pixelSizeOnScreen","rangeValue":2.0}}],"lodNum":0,"modelPath":"Tile_-24956_87762_0000.s3mb","rangeMode":"pixelSizeOnScreen","rangeValue":1.0}}}
