{"lodTreeExport":{"name":"Tile_-24954_87763_0000","status":{"lodCount":4,"tilesCount":4},"tileInfo":{"boundingBox":{"max":{"x":208.6197694126894,"y":-242.2084442156975,"z":-5.310690312522180},"min":{"x":60.40204213868758,"y":-390.4349470728214,"z":-13.03618011427708}},"children":[{"tileInfo":{"boundingBox":{"max":{"x":208.6197694126894,"y":-242.2084442156975,"z":-5.310690312522180},"min":{"x":60.40204213868758,"y":-390.4349470728214,"z":-13.03618011427708}},"children":[{"tileInfo":{"boundingBox":{"max":{"x":208.6197694126894,"y":-242.2084442156975,"z":-5.310690312522180},"min":{"x":60.40204213868758,"y":-390.4349470728214,"z":-13.03618011427708}},"children":[{"tileInfo":{"boundingBox":{"max":{"x":208.6197694126894,"y":-242.2084442156975,"z":-5.310690312522180},"min":{"x":60.40204213868758,"y":-390.4349470728214,"z":-13.03618011427708}},"lodNum":3,"modelPath":"Tile_-24954_87763_0000_0000_0000.s3mb","rangeMode":"pixelSizeOnScreen","rangeValue":8.0}}],"lodNum":2,"modelPath":"Tile_-24954_87763_0000_0001_0000.s3mb","rangeMode":"pixelSizeOnScreen","rangeValue":4.0}}],"lodNum":1,"modelPath":"Tile_-24954_87763_0000_0002_0000.s3mb","rangeMode":"pixelSizeOnScreen","rangeValue":2.0}}],"lodNum":0,"modelPath":"Tile_-24954_87763_0000.s3mb","rangeMode":"pixelSizeOnScreen","rangeValue":1.0}}}
