{"lodTreeExport":{"name":"Tile_-24957_87759_0000","status":{"lodCount":4,"tilesCount":4},"tileInfo":{"boundingBox":{"max":{"x":-300.7008493736234,"y":114.8316810759916,"z":3.816125149342429},"min":{"x":-318.2056508294020,"y":97.32808745711603,"z":1.569657634982710}},"children":[{"tileInfo":{"boundingBox":{"max":{"x":-300.7008493736234,"y":114.8316810759916,"z":3.816125149342429},"min":{"x":-318.2056508294020,"y":97.32808745711603,"z":1.569657634982710}},"children":[{"tileInfo":{"boundingBox":{"max":{"x":-300.7008493736234,"y":114.8316810759916,"z":3.816125149342429},"min":{"x":-318.2056508294020,"y":97.32808745711603,"z":1.569657634982710}},"children":[{"tileInfo":{"boundingBox":{"max":{"x":-300.7008493736234,"y":114.8316810759916,"z":3.816125149342429},"min":{"x":-318.2056508294020,"y":97.32808745711603,"z":1.569657634982710}},"lodNum":3,"modelPath":"Tile_-24957_87759_0000_0000_0000.s3mb","rangeMode":"pixelSizeOnScreen","rangeValue":8.0}}],"lodNum":2,"modelPath":"Tile_-24957_87759_0000_0001_0000.s3mb","rangeMode":"pixelSizeOnScreen","rangeValue":4.0}}],"lodNum":1,"modelPath":"Tile_-24957_87759_0000_0002_0000.s3mb","rangeMode":"pixelSizeOnScreen","rangeValue":2.0}}],"lodNum":0,"modelPath":"Tile_-24957_87759_0000.s3mb","rangeMode":"pixelSizeOnScreen","rangeValue":1.0}}}
