{"lodTreeExport":{"name":"Tile_-24956_87761_0000","status":{"lodCount":4,"tilesCount":10},"tileInfo":{"boundingBox":{"max":{"x":-62.09359960022439,"y":-11.49028744641695,"z":68.08719904716230},"min":{"x":-192.1142258488919,"y":-137.3050866698730,"z":-63.17677634910427}},"children":[{"tileInfo":{"boundingBox":{"max":{"x":-118.6830023679872,"y":-11.49028744641695,"z":43.31556091212806},"min":{"x":-192.1142258488919,"y":-83.11417737798547,"z":-7.845845936207334}},"children":[{"tileInfo":{"boundingBox":{"max":{"x":-118.6830023679872,"y":-11.49028744641695,"z":43.31556091212806},"min":{"x":-192.1142258488919,"y":-83.11417737798547,"z":-7.845845936207334}},"children":[{"tileInfo":{"boundingBox":{"max":{"x":-118.6830023679872,"y":-11.49028744641695,"z":43.31556091212806},"min":{"x":-192.1142258488919,"y":-83.11417737798547,"z":-7.845845936207334}},"lodNum":3,"modelPath":"Tile_-24956_87761_0000_0000_0000.s3mb","rangeMode":"pixelSizeOnScreen","rangeValue":8.0}}],"lodNum":2,"modelPath":"Tile_-24956_87761_0000_0001_0000.s3mb","rangeMode":"pixelSizeOnScreen","rangeValue":4.0}}],"lodNum":1,"modelPath":"Tile_-24956_87761_0000_0002_0000.s3mb","rangeMode":"pixelSizeOnScreen","rangeValue":2.0}},{"tileInfo":{"boundingBox":{"max":{"x":-62.35983717470522,"y":-25.33142245202041,"z":56.22457015071505},"min":{"x":-156.1627324506013,"y":-97.26450280675928,"z":-7.965323945384925}},"children":[{"tileInfo":{"boundingBox":{"max":{"x":-62.35983717470522,"y":-25.33142245202041,"z":56.22457015071505},"min":{"x":-156.1627324506013,"y":-97.26450280675928,"z":-7.965323945384925}},"children":[{"tileInfo":{"boundingBox":{"max":{"x":-62.35983717470522,"y":-25.33142245202041,"z":56.22457015071505},"min":{"x":-156.1627324506013,"y":-97.26450280675928,"z":-7.965323945384925}},"lodNum":3,"modelPath":"Tile_-24956_87761_0000_0000_0001.s3mb","rangeMode":"pixelSizeOnScreen","rangeValue":8.0}}],"lodNum":2,"modelPath":"Tile_-24956_87761_0000_0001_0001.s3mb","rangeMode":"pixelSizeOnScreen","rangeValue":4.0}}],"lodNum":1,"modelPath":"Tile_-24956_87761_0000_0002_0001.s3mb","rangeMode":"pixelSizeOnScreen","rangeValue":2.0}},{"tileInfo":{"boundingBox":{"max":{"x":-62.09359960022439,"y":-61.39432998975224,"z":68.08719904716230},"min":{"x":-120.1007860898893,"y":-137.3050866698730,"z":-63.17677634910427}},"children":[{"tileInfo":{"boundingBox":{"max":{"x":-62.09359960022439,"y":-61.39432998975224,"z":68.08719904716230},"min":{"x":-120.1007860898893,"y":-137.3050866698730,"z":-63.17677634910427}},"children":[{"tileInfo":{"boundingBox":{"max":{"x":-62.09359960022439,"y":-61.39432998975224,"z":68.08719904716230},"min":{"x":-120.1007860898893,"y":-137.3050866698730,"z":-63.17677634910427}},"lodNum":3,"modelPath":"Tile_-24956_87761_0000_0000_0002.s3mb","rangeMode":"pixelSizeOnScreen","rangeValue":8.0}}],"lodNum":2,"modelPath":"Tile_-24956_87761_0000_0001_0002.s3mb","rangeMode":"pixelSizeOnScreen","rangeValue":4.0}}],"lodNum":1,"modelPath":"Tile_-24956_87761_0000_0002_0002.s3mb","rangeMode":"pixelSizeOnScreen","rangeValue":2.0}}],"lodNum":0,"modelPath":"Tile_-24956_87761_0000.s3mb","rangeMode":"pixelSizeOnScreen","rangeValue":1.0}}}
