{"lodTreeExport":{"name":"Tile_-24955_87763_0000","status":{"lodCount":4,"tilesCount":4},"tileInfo":{"boundingBox":{"max":{"x":82.60878208071620,"y":-203.3707539030545,"z":-1.553973232003624},"min":{"x":21.66314795126589,"y":-264.4170599638480,"z":-13.09613572238795}},"children":[{"tileInfo":{"boundingBox":{"max":{"x":82.60878208071620,"y":-203.3707539030545,"z":-1.553973232003624},"min":{"x":21.66314795126589,"y":-264.4170599638480,"z":-13.09613572238795}},"children":[{"tileInfo":{"boundingBox":{"max":{"x":82.60878208071620,"y":-203.3707539030545,"z":-1.553973232003624},"min":{"x":21.66314795126589,"y":-264.4170599638480,"z":-13.09613572238795}},"children":[{"tileInfo":{"boundingBox":{"max":{"x":82.60878208071620,"y":-203.3707539030545,"z":-1.553973232003624},"min":{"x":21.66314795126589,"y":-264.4170599638480,"z":-13.09613572238795}},"lodNum":3,"modelPath":"Tile_-24955_87763_0000_0000_0000.s3mb","rangeMode":"pixelSizeOnScreen","rangeValue":8.0}}],"lodNum":2,"modelPath":"Tile_-24955_87763_0000_0001_0000.s3mb","rangeMode":"pixelSizeOnScreen","rangeValue":4.0}}],"lodNum":1,"modelPath":"Tile_-24955_87763_0000_0002_0000.s3mb","rangeMode":"pixelSizeOnScreen","rangeValue":2.0}}],"lodNum":0,"modelPath":"Tile_-24955_87763_0000.s3mb","rangeMode":"pixelSizeOnScreen","rangeValue":1.0}}}
