{"lodTreeExport":{"name":"Tile_-24959_87759_0000","status":{"lodCount":4,"tilesCount":4},"tileInfo":{"boundingBox":{"max":{"x":-402.7819050495933,"y":260.5453867163194,"z":-2.402143458667092},"min":{"x":-420.2870005612827,"y":243.0420537661455,"z":-4.499179383497683}},"children":[{"tileInfo":{"boundingBox":{"max":{"x":-402.7819050495933,"y":260.5453867163194,"z":-2.402143458667092},"min":{"x":-420.2870005612827,"y":243.0420537661455,"z":-4.499179383497683}},"children":[{"tileInfo":{"boundingBox":{"max":{"x":-402.7819050495933,"y":260.5453867163194,"z":-2.402143458667092},"min":{"x":-420.2870005612827,"y":243.0420537661455,"z":-4.499179383497683}},"children":[{"tileInfo":{"boundingBox":{"max":{"x":-402.7819050495933,"y":260.5453867163194,"z":-2.402143458667092},"min":{"x":-420.2870005612827,"y":243.0420537661455,"z":-4.499179383497683}},"lodNum":3,"modelPath":"Tile_-24959_87759_0000_0000_0000.s3mb","rangeMode":"pixelSizeOnScreen","rangeValue":8.0}}],"lodNum":2,"modelPath":"Tile_-24959_87759_0000_0001_0000.s3mb","rangeMode":"pixelSizeOnScreen","rangeValue":4.0}}],"lodNum":1,"modelPath":"Tile_-24959_87759_0000_0002_0000.s3mb","rangeMode":"pixelSizeOnScreen","rangeValue":2.0}}],"lodNum":0,"modelPath":"Tile_-24959_87759_0000.s3mb","rangeMode":"pixelSizeOnScreen","rangeValue":1.0}}}
