{"lodTreeExport":{"name":"Tile_-24957_87761_0000","status":{"lodCount":4,"tilesCount":4},"tileInfo":{"boundingBox":{"max":{"x":-79.89948150931789,"y":101.8517846673395,"z":65.05825070395666},"min":{"x":-265.6327360614248,"y":-83.87693082684802,"z":-7.849717672808781}},"children":[{"tileInfo":{"boundingBox":{"max":{"x":-79.89948150931789,"y":101.8517846673395,"z":65.05825070395666},"min":{"x":-265.6327360614248,"y":-83.87693082684802,"z":-7.849717672808781}},"children":[{"tileInfo":{"boundingBox":{"max":{"x":-79.89948150931789,"y":101.8517846673395,"z":65.05825070395666},"min":{"x":-265.6327360614248,"y":-83.87693082684802,"z":-7.849717672808781}},"children":[{"tileInfo":{"boundingBox":{"max":{"x":-79.89948150931789,"y":101.8517846673395,"z":65.05825070395666},"min":{"x":-265.6327360614248,"y":-83.87693082684802,"z":-7.849717672808781}},"lodNum":3,"modelPath":"Tile_-24957_87761_0000_0000_0000.s3mb","rangeMode":"pixelSizeOnScreen","rangeValue":8.0}}],"lodNum":2,"modelPath":"Tile_-24957_87761_0000_0001_0000.s3mb","rangeMode":"pixelSizeOnScreen","rangeValue":4.0}}],"lodNum":1,"modelPath":"Tile_-24957_87761_0000_0002_0000.s3mb","rangeMode":"pixelSizeOnScreen","rangeValue":2.0}}],"lodNum":0,"modelPath":"Tile_-24957_87761_0000.s3mb","rangeMode":"pixelSizeOnScreen","rangeValue":1.0}}}
