{"lodTreeExport":{"name":"Tile_-24958_87758_0000","status":{"lodCount":4,"tilesCount":4},"tileInfo":{"boundingBox":{"max":{"x":-424.7189227501189,"y":238.6803207043393,"z":-2.407718315569243},"min":{"x":-442.2240805504280,"y":221.1770643480395,"z":-4.501638879928883}},"children":[{"tileInfo":{"boundingBox":{"max":{"x":-424.7189227501189,"y":238.6803207043393,"z":-2.407718315569243},"min":{"x":-442.2240805504280,"y":221.1770643480395,"z":-4.501638879928883}},"children":[{"tileInfo":{"boundingBox":{"max":{"x":-424.7189227501189,"y":238.6803207043393,"z":-2.407718315569243},"min":{"x":-442.2240805504280,"y":221.1770643480395,"z":-4.501638879928883}},"children":[{"tileInfo":{"boundingBox":{"max":{"x":-424.7189227501189,"y":238.6803207043393,"z":-2.407718315569243},"min":{"x":-442.2240805504280,"y":221.1770643480395,"z":-4.501638879928883}},"lodNum":3,"modelPath":"Tile_-24958_87758_0000_0000_0000.s3mb","rangeMode":"pixelSizeOnScreen","rangeValue":8.0}}],"lodNum":2,"modelPath":"Tile_-24958_87758_0000_0001_0000.s3mb","rangeMode":"pixelSizeOnScreen","rangeValue":4.0}}],"lodNum":1,"modelPath":"Tile_-24958_87758_0000_0002_0000.s3mb","rangeMode":"pixelSizeOnScreen","rangeValue":2.0}}],"lodNum":0,"modelPath":"Tile_-24958_87758_0000.s3mb","rangeMode":"pixelSizeOnScreen","rangeValue":1.0}}}
