{"lodTreeExport":{"name":"Tile_-24955_87762_0000","status":{"lodCount":4,"tilesCount":4},"tileInfo":{"boundingBox":{"max":{"x":80.72750927648320,"y":-86.73084966574341,"z":61.47090038370764},"min":{"x":-95.18338755857184,"y":-262.6439003010259,"z":-60.16968139457662}},"children":[{"tileInfo":{"boundingBox":{"max":{"x":80.72750927648320,"y":-86.73084966574341,"z":61.47090038370764},"min":{"x":-95.18338755857184,"y":-262.6439003010259,"z":-60.16968139457662}},"children":[{"tileInfo":{"boundingBox":{"max":{"x":80.72750927648320,"y":-86.73084966574341,"z":61.47090038370764},"min":{"x":-95.18338755857184,"y":-262.6439003010259,"z":-60.16968139457662}},"children":[{"tileInfo":{"boundingBox":{"max":{"x":80.72750927648320,"y":-86.73084966574341,"z":61.47090038370764},"min":{"x":-95.18338755857184,"y":-262.6439003010259,"z":-60.16968139457662}},"lodNum":3,"modelPath":"Tile_-24955_87762_0000_0000_0000.s3mb","rangeMode":"pixelSizeOnScreen","rangeValue":8.0}}],"lodNum":2,"modelPath":"Tile_-24955_87762_0000_0001_0000.s3mb","rangeMode":"pixelSizeOnScreen","rangeValue":4.0}}],"lodNum":1,"modelPath":"Tile_-24955_87762_0000_0002_0000.s3mb","rangeMode":"pixelSizeOnScreen","rangeValue":2.0}}],"lodNum":0,"modelPath":"Tile_-24955_87762_0000.s3mb","rangeMode":"pixelSizeOnScreen","rangeValue":1.0}}}
