{"lodTreeExport":{"name":"Tile_-24957_87760_0000","status":{"lodCount":4,"tilesCount":10},"tileInfo":{"boundingBox":{"max":{"x":-97.87995384380848,"y":119.0972620880577,"z":68.08205779493487},"min":{"x":-300.8094955563403,"y":-101.8309537433151,"z":-63.18192136353886}},"children":[{"tileInfo":{"boundingBox":{"max":{"x":-228.6371710661680,"y":119.0972620880577,"z":68.08205779493487},"min":{"x":-301.7575044170165,"y":25.03642967524895,"z":-63.18192136353886}},"children":[{"tileInfo":{"boundingBox":{"max":{"x":-228.6371710661680,"y":119.0972620880577,"z":68.08205779493487},"min":{"x":-301.7575044170165,"y":25.03642967524895,"z":-63.18192136353886}},"children":[{"tileInfo":{"boundingBox":{"max":{"x":-228.6371710661680,"y":119.0972620880577,"z":68.08205779493487},"min":{"x":-301.7575044170165,"y":25.03642967524895,"z":-63.18192136353886}},"lodNum":3,"modelPath":"Tile_-24957_87760_0000_0000_0000.s3mb","rangeMode":"pixelSizeOnScreen","rangeValue":8.0}}],"lodNum":2,"modelPath":"Tile_-24957_87760_0000_0001_0000.s3mb","rangeMode":"pixelSizeOnScreen","rangeValue":4.0}}],"lodNum":1,"modelPath":"Tile_-24957_87760_0000_0002_0000.s3mb","rangeMode":"pixelSizeOnScreen","rangeValue":2.0}},{"tileInfo":{"boundingBox":{"max":{"x":-206.3545699790210,"y":82.87126207718546,"z":47.52331613570373},"min":{"x":-264.3625338615842,"y":24.86558220824159,"z":-8.605110457688657}},"children":[{"tileInfo":{"boundingBox":{"max":{"x":-206.3545699790210,"y":82.87126207718546,"z":47.52331613570373},"min":{"x":-264.3625338615842,"y":24.86558220824159,"z":-8.605110457688657}},"children":[{"tileInfo":{"boundingBox":{"max":{"x":-206.3545699790210,"y":82.87126207718546,"z":47.52331613570373},"min":{"x":-264.3625338615842,"y":24.86558220824159,"z":-8.605110457688657}},"lodNum":3,"modelPath":"Tile_-24957_87760_0000_0000_0001.s3mb","rangeMode":"pixelSizeOnScreen","rangeValue":8.0}}],"lodNum":2,"modelPath":"Tile_-24957_87760_0000_0001_0001.s3mb","rangeMode":"pixelSizeOnScreen","rangeValue":4.0}}],"lodNum":1,"modelPath":"Tile_-24957_87760_0000_0002_0001.s3mb","rangeMode":"pixelSizeOnScreen","rangeValue":2.0}},{"tileInfo":{"boundingBox":{"max":{"x":-97.87995384380848,"y":83.89709024699501,"z":65.15820663300438},"min":{"x":-283.6137156455583,"y":-101.8309537433151,"z":-8.105210066670978}},"children":[{"tileInfo":{"boundingBox":{"max":{"x":-97.87995384380848,"y":83.89709024699501,"z":65.15820663300438},"min":{"x":-283.6137156455583,"y":-101.8309537433151,"z":-8.105210066670978}},"children":[{"tileInfo":{"boundingBox":{"max":{"x":-97.87995384380848,"y":83.89709024699501,"z":65.15820663300438},"min":{"x":-283.6137156455583,"y":-101.8309537433151,"z":-8.105210066670978}},"lodNum":3,"modelPath":"Tile_-24957_87760_0000_0000_0002.s3mb","rangeMode":"pixelSizeOnScreen","rangeValue":8.0}}],"lodNum":2,"modelPath":"Tile_-24957_87760_0000_0001_0002.s3mb","rangeMode":"pixelSizeOnScreen","rangeValue":4.0}}],"lodNum":1,"modelPath":"Tile_-24957_87760_0000_0002_0002.s3mb","rangeMode":"pixelSizeOnScreen","rangeValue":2.0}}],"lodNum":0,"modelPath":"Tile_-24957_87760_0000.s3mb","rangeMode":"pixelSizeOnScreen","rangeValue":1.0}}}
