{"lodTreeExport":{"name":"Tile_-24959_87758_0000","status":{"lodCount":4,"tilesCount":4},"tileInfo":{"boundingBox":{"max":{"x":-418.1064076517636,"y":390.4427261718249,"z":-4.709040117651792},"min":{"x":-572.0439087139667,"y":236.4879980144866,"z":-12.61029118829852}},"children":[{"tileInfo":{"boundingBox":{"max":{"x":-418.1064076517636,"y":390.4427261718249,"z":-4.709040117651792},"min":{"x":-572.0439087139667,"y":236.4879980144866,"z":-12.61029118829852}},"children":[{"tileInfo":{"boundingBox":{"max":{"x":-418.1064076517636,"y":390.4427261718249,"z":-4.709040117651792},"min":{"x":-572.0439087139667,"y":236.4879980144866,"z":-12.61029118829852}},"children":[{"tileInfo":{"boundingBox":{"max":{"x":-418.1064076517636,"y":390.4427261718249,"z":-4.709040117651792},"min":{"x":-572.0439087139667,"y":236.4879980144866,"z":-12.61029118829852}},"lodNum":3,"modelPath":"Tile_-24959_87758_0000_0000_0000.s3mb","rangeMode":"pixelSizeOnScreen","rangeValue":8.0}}],"lodNum":2,"modelPath":"Tile_-24959_87758_0000_0001_0000.s3mb","rangeMode":"pixelSizeOnScreen","rangeValue":4.0}}],"lodNum":1,"modelPath":"Tile_-24959_87758_0000_0002_0000.s3mb","rangeMode":"pixelSizeOnScreen","rangeValue":2.0}}],"lodNum":0,"modelPath":"Tile_-24959_87758_0000.s3mb","rangeMode":"pixelSizeOnScreen","rangeValue":1.0}}}
